first_name,last_name,email,gender,birth_date,address,phone,country
Eleni,Poytress,epoytress0@vinaora.com,Female,2015-01-13,Room 221,(383) 1312700,Mexico
Lavinie,McLelland,lmclelland1@pen.io,Female,2016-09-29,Apt 1048,(543) 9430362,Israel
Philippine,Olenin,polenin2@symantec.com,Female,2016-09-21,Apt 1213,(665) 1434844,Indonesia
Jodi,Lacer,jlacer3@bravesites.com,Polygender,2014-01-15,PO Box 3588,(162) 8855793,Indonesia
Merry,Velte,mvelte4@google.es,Female,2016-08-09,Apt 11,(863) 6657923,Sweden
Bekki,Smallthwaite,bsmallthwaite5@cnbc.com,Polygender,2022-11-12,Apt 678,(913) 4462661,Democratic Republic of the Congo
Flossie,Wanley,fwanley6@foxnews.com,Female,2020-06-09,PO Box 3909,(248) 2147457,Indonesia
Diena,Yeudall,dyeudall7@qq.com,Female,2014-03-13,20th Floor,(591) 7387694,China
Hadrian,Youhill,hyouhill8@wunderground.com,Male,2014-02-13,Apt 1210,(340) 3714197,Vietnam
Lucia,Musla,lmusla9@wikispaces.com,Genderqueer,2018-10-10,PO Box 67133,(205) 9461439,United States
Jasun,Leverette,jleverettea@github.com,Male,2022-11-30,Apt 795,(198) 4928499,New Zealand
Angil,Eberst,aeberstb@artisteer.com,Agender,2017-03-09,PO Box 13009,(186) 2616810,Russia
Karim,Carpenter,kcarpenterc@arstechnica.com,Male,2020-07-05,Suite 12,(530) 6726567,Philippines
Milo,Bowle,mbowled@wikispaces.com,Male,2019-01-08,Suite 75,(459) 2060555,Moldova
Jdavie,Fearns,jfearnse@wisc.edu,Male,2013-06-12,Apt 1614,(701) 9422307,Kenya
Timothee,Titchard,ttitchardf@nasa.gov,Male,2021-01-31,Suite 46,(120) 4677802,Sweden
Edvard,Somes,esomesg@sakura.ne.jp,Male,2018-06-10,Room 1242,(575) 1522114,Japan
Tom,McNysche,tmcnyscheh@hatena.ne.jp,Male,2013-06-12,Suite 28,(364) 6187407,China
Siana,Goggey,sgoggeyi@cdbaby.com,Female,2018-06-14,Room 1310,(910) 5427470,Liberia
Erina,Sillwood,esillwoodj@google.com.hk,Female,2014-11-06,Room 1313,(529) 2011499,Albania
Jakob,Willicott,jwillicottk@pbs.org,Male,2022-12-23,Suite 34,(227) 7707237,China
Iseabal,Gages,igagesl@hatena.ne.jp,Female,2020-09-11,Room 872,(772) 8186890,Poland
Boycey,Burnup,bburnupm@globo.com,Male,2019-08-26,Room 1327,(837) 4622220,Ukraine
Benito,Spacie,bspacien@etsy.com,Male,2015-02-09,Suite 75,(297) 1014351,Palestinian Territory
Almeria,Brookes,abrookeso@springer.com,Female,2016-02-08,8th Floor,(582) 3565004,Azerbaijan
Laney,Roughan,lroughanp@hao123.com,Polygender,2020-06-25,PO Box 85250,(886) 2338894,Philippines
Tuckie,Mebius,tmebiusq@usa.gov,Male,2020-02-23,Apt 1312,(408) 4067029,Russia
Aubert,Gillespie,agillespier@fotki.com,Male,2020-11-04,Apt 1770,(378) 9871083,Nigeria
Rockey,Maxted,rmaxteds@bizjournals.com,Male,2015-10-09,PO Box 33055,(250) 2360287,China
,McAleese,amcaleeset@mail.ru,Female,2014-10-15,Room 933,(331) 1570187,Russia
Elsie,Halwill,ehalwillu@rambler.ru,Female,2017-01-17,Apt 796,(141) 4050205,China
Rudd,Persey,rperseyv@flickr.com,Male,2014-10-24,PO Box 21473,(552) 6724779,Thailand
Norrie,Hinsche,nhinschew@dagondesign.com,Female,2016-07-26,Apt 424,(781) 8595899,Japan
Micheal,Nixon,mnixonx@t-online.de,Male,2017-07-08,Apt 376,(811) 7067879,China
Ingeberg,Polkinhorn,ipolkinhorny@cbsnews.com,Non-binary,2014-06-29,PO Box 84916,(636) 1325141,Indonesia
Ardys,Kliement,akliementz@de.vu,Female,2015-04-30,Suite 91,(248) 1536835,Ecuador
Sophronia,De Ferrari,sdeferrari10@psu.edu,Female,2022-02-15,PO Box 6817,(609) 6816785,Indonesia
Elisabeth,Bosward,ebosward11@blogger.com,Female,2017-04-02,Apt 1504,(695) 7392681,China
,Wyeld,lwyeld12@mac.com,Male,2015-08-02,10th Floor,(459) 5943904,China
,Galletley,mgalletley13@twitter.com,Agender,2017-08-12,Apt 1679,(295) 8711445,Thailand
Melinde,Blinerman,mblinerman14@geocities.jp,Genderfluid,2022-11-08,3rd Floor,(936) 8253746,Argentina
Christian,Drayson,cdrayson15@goo.gl,Male,2015-05-17,Apt 1071,(801) 8846379,Philippines
Shirleen,Brunger,sbrunger16@addtoany.com,Female,2019-10-27,Suite 93,(429) 9450545,China
,Pehrsson,tpehrsson17@goo.gl,Male,2019-07-17,Apt 305,(600) 8303965,China
Iormina,Venner,ivenner18@mtv.com,Female,2014-09-06,Room 1843,(342) 8132681,Indonesia
Audrey,Thursfield,athursfield19@meetup.com,Female,2016-12-12,11th Floor,(830) 5688145,Canada
Ilysa,Massel,imassel1a@examiner.com,Female,2013-05-07,Apt 820,(663) 4995231,Iran
,Stemp,nstemp1b@howstuffworks.com,Agender,2013-06-24,16th Floor,(206) 8315399,Maldives
Doria,Sandham,dsandham1c@tripod.com,Female,2017-06-28,PO Box 88333,(925) 7171948,Ukraine
Julietta,Daltrey,jdaltrey1d@de.vu,Female,2013-01-04,Apt 479,(608) 2034841,Brazil
,Trewett,etrewett1e@cbslocal.com,Male,2014-10-05,Suite 22,(282) 5930369,Portugal
Yvonne,Scoble,yscoble1f@scientificamerican.com,Female,2019-11-05,7th Floor,(285) 2760709,Thailand
Crystal,Grigolashvill,cgrigolashvill1g@mlb.com,Female,2019-07-17,Room 1613,(150) 6949447,China
Kingsley,Alywen,kalywen1h@woothemes.com,Male,2018-11-02,Room 526,(448) 1352905,Russia
Zacharias,Sopper,zsopper1i@ameblo.jp,Male,2017-07-27,PO Box 5211,(112) 4820449,Philippines
Katey,Danser,kdanser1j@springer.com,Female,2014-02-13,PO Box 79394,(186) 6035395,Portugal
Lionello,Robilliard,lrobilliard1k@state.tx.us,Male,2015-07-27,Apt 725,(272) 5991622,Philippines
Joey,Jane,jjane1l@infoseek.co.jp,Female,2020-03-06,PO Box 89216,(627) 7003886,Philippines
Parke,Hyam,phyam1m@sciencedirect.com,Male,2016-09-23,Apt 1368,(233) 5578485,Moldova
Emory,McInnerny,emcinnerny1n@vistaprint.com,Male,2016-11-14,PO Box 10025,(445) 9569649,Palestinian Territory
Clarissa,Olander,colander1o@jiathis.com,Agender,2017-05-01,Apt 1929,(138) 5875010,China
Ingaberg,Wanless,iwanless1p@amazon.co.uk,Female,2020-09-04,Room 1737,(775) 3564092,United States
Nessie,Sharple,nsharple1q@reuters.com,Female,2014-12-11,Room 1920,(682) 5374652,Myanmar
Solly,Lukianov,slukianov1r@sogou.com,Male,2015-09-05,1st Floor,(814) 6476069,Ukraine
Fonz,Baskerfield,fbaskerfield1s@salon.com,Male,2014-10-27,Suite 32,(778) 7319371,China
Keslie,Fielden,kfielden1t@lulu.com,Female,2022-08-22,Room 1059,(407) 4918322,Vietnam
Brand,Dumphy,bdumphy1u@hud.gov,Male,2013-12-05,Room 1854,(242) 7267454,Poland
Milton,Saunder,msaunder1v@dyndns.org,Male,2022-03-11,11th Floor,(645) 6737380,Indonesia
Sutherlan,Hearle,shearle1w@blog.com,Male,2016-03-23,6th Floor,(145) 4589758,Indonesia
Clo,Harmes,charmes1x@woothemes.com,Female,2014-12-26,Room 646,(543) 3866797,China
Emmalee,Harome,eharome1y@gmpg.org,Female,2014-03-10,20th Floor,(539) 9148361,Indonesia
Layton,Malecky,lmalecky1z@shinystat.com,Male,2016-11-12,19th Floor,(794) 7108441,Indonesia
Jasmina,Walpole,jwalpole20@xinhuanet.com,Female,2017-04-17,Suite 50,(608) 9892620,United States
Duffy,Yellowlee,dyellowlee21@time.com,Male,2020-01-27,Apt 1372,(379) 7147789,Sweden
Court,Witherup,cwitherup22@timesonline.co.uk,Male,2021-03-24,Apt 954,(639) 9536634,Bosnia and Herzegovina
Sophie,Djorvic,sdjorvic23@geocities.com,Female,2016-07-09,Suite 94,(577) 2273712,Luxembourg
Marcile,Macconachy,mmacconachy24@ycombinator.com,Female,2018-12-24,Room 1927,(686) 1185165,Honduras
Jan,Geddis,jgeddis25@toplist.cz,Male,2020-05-12,Room 845,(463) 3678716,Chile
,O' Cloney,rocloney26@unblog.fr,Genderfluid,2017-09-13,Room 1678,(347) 3267901,China
Clerc,Lambshine,clambshine27@posterous.com,Male,2022-05-26,16th Floor,(773) 8626634,Panama
Teddy,Shellibeer,tshellibeer28@ning.com,Female,2013-12-03,Apt 606,(512) 8878305,Greece
Penny,Kaley,pkaley29@dyndns.org,Male,2020-08-28,Room 901,(206) 7197649,China
Zorine,Vigurs,zvigurs2a@vimeo.com,Female,2015-09-19,Apt 1234,(630) 6308746,China
Floria,Dienes,fdienes2b@webeden.co.uk,Female,2020-05-11,2nd Floor,(705) 6817753,Indonesia
Joeann,Tydeman,jtydeman2c@gizmodo.com,Genderqueer,2021-01-05,PO Box 49513,(424) 6636201,Russia
Janene,Wilkes,jwilkes2d@oaic.gov.au,Female,2015-02-02,PO Box 88098,(924) 9828559,Poland
Johann,Coster,jcoster2e@pcworld.com,Male,2014-03-28,PO Box 50778,(349) 2952195,Somalia
Brander,McCourtie,bmccourtie2f@blog.com,Male,2017-12-11,Apt 462,(808) 2298258,Burkina Faso
Josiah,Andreas,jandreas2g@google.de,Bigender,2016-11-16,Apt 555,(930) 8084183,China
Sansone,Rubens,srubens2h@miibeian.gov.cn,Male,2019-07-07,Apt 725,(130) 2204898,Canada
Marci,Szwarc,mszwarc2i@reddit.com,Female,2020-05-26,PO Box 43435,(447) 7326879,China
Zebulen,Gorry,zgorry2j@uiuc.edu,Male,2019-08-16,PO Box 70221,(160) 3095538,China
,Mitchiner,tmitchiner2k@ask.com,Female,2014-05-07,Room 2000,(493) 8176934,China
Cornela,Roughey,croughey2l@a8.net,Female,2020-08-04,16th Floor,(585) 8193377,Philippines
Jacquie,Gringley,jgringley2m@kickstarter.com,Female,2013-11-26,PO Box 99117,(975) 2041323,Russia
,Shakespeare,dshakespeare2n@jalbum.net,Male,2018-09-11,PO Box 10423,(813) 2884309,Sweden
Tyne,Cornilleau,tcornilleau2o@state.gov,Female,2013-06-26,PO Box 17328,(608) 6057933,Hong Kong
Otes,Breacher,obreacher2p@nba.com,Genderfluid,2021-12-10,Apt 42,(187) 1743091,Israel
Mic,Delacoste,mdelacoste2q@state.tx.us,Male,2017-08-07,Suite 8,(529) 3448643,China
Marion,Costello,mcostello2r@army.mil,Male,2019-01-04,Suite 99,(756) 3887183,Colombia
